Texas Centers for Infectious Disease Associates,Customer
Texas Centers for Infectious Disease Associates,Financial
Texas Centers for Infectious Disease Associates,Health
Texas Centers for Infectious Disease Associates,PII
Texas Centers for Infectious Disease Associates,Private Communications
Bunkhouse Group,Customer
Bunkhouse Group,Financial
Bunkhouse Group,Internal Documents
Bunkhouse Group,Media
Bunkhouse Group,Private Communications
Bunkhouse Group,Strategic
Wayne Wright LLP.,Customer
Wayne Wright LLP.,Financial
Wayne Wright LLP.,Location
Wayne Wright LLP.,PII
Wayne Wright LLP.,Private Communications
Scott Pharma Solutions,Customer
Scott Pharma Solutions,Financial
Scott Pharma Solutions,Private Communications
Scott Pharma Solutions,Strategic
M.Royo & KlockMetal,Customer
M.Royo & KlockMetal,Financial
M.Royo & KlockMetal,Location
M.Royo & KlockMetal,Private Communications
M.Royo & KlockMetal,Strategic
ICWI,Customer
ICWI,Financial
ICWI,Location
ICWI,PII
Fish Nelson & Holden,Customer
Fish Nelson & Holden,Financial
Fish Nelson & Holden,Private Communications
Atwood & Cherny P.C.,Customer
Atwood & Cherny P.C.,Financial
Atwood & Cherny P.C.,Private Communications
Better Business Bureau,Customer
Better Business Bureau,Financial
Better Business Bureau,Internal Documents
Better Business Bureau,PII
Better Business Bureau,Private Communications
Sable International,Customer
Sable International,Financial
Sable International,Internal Documents
Sable International,PII
Sable International,Private Communications
Sable International,Strategic
Karvo Companies Inc.,Customer
Karvo Companies Inc.,Financial
Karvo Companies Inc.,Internal Documents
Karvo Companies Inc.,Private Communications
Karvo Companies Inc.,Strategic
US Dermatology Partners,Customer
US Dermatology Partners,Financial
US Dermatology Partners,Health
US Dermatology Partners,PII
US Dermatology Partners,Private Communications
Texas Alcohol & Drug Testing Service,Customer
Texas Alcohol & Drug Testing Service,Financial
Texas Alcohol & Drug Testing Service,Health
Texas Alcohol & Drug Testing Service,Internal Documents
Texas Alcohol & Drug Testing Service,Location
Texas Alcohol & Drug Testing Service,PII
Texas Alcohol & Drug Testing Service,Private Communications
Playa Vista Job Opportunities and Business Services,Customer
Playa Vista Job Opportunities and Business Services,Financial
Playa Vista Job Opportunities and Business Services,Health
Playa Vista Job Opportunities and Business Services,Internal Documents
Playa Vista Job Opportunities and Business Services,Media
Playa Vista Job Opportunities and Business Services,PII
Playa Vista Job Opportunities and Business Services,Private Communications
Playa Vista Job Opportunities and Business Services,Strategic
PBC Companies,Customer
PBC Companies,Financial
PBC Companies,Private Communications
PBC Companies,Strategic
Mohawk Valley Cardiology PC,Customer
Mohawk Valley Cardiology PC,Financial
Mohawk Valley Cardiology PC,Health
Mohawk Valley Cardiology PC,PII
Accelon Technologies Private,Customer
Accelon Technologies Private,Financial
Accelon Technologies Private,Health
Accelon Technologies Private,Internal Documents
Accelon Technologies Private,Source Code
Accelon Technologies Private,Strategic
Accelon Technologies Private,System Configurations
Accelon Technologies Private,Trade Secrets
Island Transportation Corp.,Customer
Island Transportation Corp.,Financial
Island Transportation Corp.,Internal Documents
Island Transportation Corp.,Media
Island Transportation Corp.,Private Communications
Island Transportation Corp.,Strategic
Island Transportation Corp.,System Configurations
Island Transportation Corp.,Trade Secrets
Southwest Family Medicine Associates,Customer
Southwest Family Medicine Associates,Financial
Southwest Family Medicine Associates,Health
Southwest Family Medicine Associates,Media
Southwest Family Medicine Associates,PII
Southwest Family Medicine Associates,Private Communications
Florence Cement Company Inc.,Customer
Florence Cement Company Inc.,Financial
Florence Cement Company Inc.,Media
Florence Cement Company Inc.,PII
Florence Cement Company Inc.,Private Communications
Insula Group,Customer
Insula Group,Financial
Insula Group,Private Communications
Insula Group,Strategic
Transit Mutual Insurance Corporation,Customer
Transit Mutual Insurance Corporation,Financial
Transit Mutual Insurance Corporation,Location
Transit Mutual Insurance Corporation,Private Communications
Legend Properties Inc.,Customer
Legend Properties Inc.,Financial
Legend Properties Inc.,Internal Documents
Legend Properties Inc.,Media
Legend Properties Inc.,Private Communications
Legend Properties Inc.,Strategic
Legend Properties Inc.,System Configurations
Legend Properties Inc.,Trade Secrets
MEL aviation Ltd,Customer
MEL aviation Ltd,Financial
MEL aviation Ltd,Intellectual Property
MEL aviation Ltd,Internal Documents
MEL aviation Ltd,Media
MEL aviation Ltd,PII
MEL aviation Ltd,Private Communications
MEL aviation Ltd,Strategic
MEL aviation Ltd,Trade Secrets
Longview Oral & Maxillofacial Surgery,Customer
Longview Oral & Maxillofacial Surgery,Financial
Longview Oral & Maxillofacial Surgery,Health
Longview Oral & Maxillofacial Surgery,Internal Documents
Longview Oral & Maxillofacial Surgery,PII
Longview Oral & Maxillofacial Surgery,Private Communications
Longview Oral & Maxillofacial Surgery,Strategic
Longview Oral & Maxillofacial Surgery,System Configurations
Dordt University,Customer
Dordt University,Financial
Dordt University,Health
Dordt University,Internal Documents
Dordt University,Media
Dordt University,PII
Dordt University,Private Communications
ASI,Customer
ASI,Financial
ASI,Private Communications
Wind Composite Services Group LLC,Financial
Wind Composite Services Group LLC,Media
Wind Composite Services Group LLC,Private Communications
Wind Composite Services Group LLC,Source Code
Payne & Jones,Customer
Payne & Jones,Financial
Payne & Jones,Health
Payne & Jones,Internal Documents
Payne & Jones,Media
Payne & Jones,PII
Payne & Jones,Private Communications
Payne & Jones,Strategic
Payne & Jones,Trade Secrets
National Publisher Services LLC,Customer
National Publisher Services LLC,Financial
National Publisher Services LLC,Internal Documents
National Publisher Services LLC,Media
National Publisher Services LLC,Private Communications
National Publisher Services LLC,Strategic
National Publisher Services LLC,Trade Secrets
Elite Limousine Plus Inc,Customer
Elite Limousine Plus Inc,Financial
Elite Limousine Plus Inc,Internal Documents
Elite Limousine Plus Inc,Media
Elite Limousine Plus Inc,Private Communications
Elite Limousine Plus Inc,Strategic
Nikolaus & Hohenadel,Customer
Nikolaus & Hohenadel,Financial
Nikolaus & Hohenadel,Health
Nikolaus & Hohenadel,Internal Documents
Nikolaus & Hohenadel,Media
Nikolaus & Hohenadel,PII
Nikolaus & Hohenadel,Private Communications
MAH Machine,Financial
MAH Machine,Intellectual Property
MAH Machine,Internal Documents
MAH Machine,Media
MAH Machine,PII
MAH Machine,Private Communications
MAH Machine,Source Code
MAH Machine,Strategic
MAH Machine,System Configurations
MAH Machine,Trade Secrets
Critchfield & Johnston,Customer
Critchfield & Johnston,Financial
Critchfield & Johnston,Health
Critchfield & Johnston,Internal Documents
Critchfield & Johnston,Media
Critchfield & Johnston,PII
Critchfield & Johnston,Private Communications
Critchfield & Johnston,Source Code
Critchfield & Johnston,System Configurations
Clinica de Salud del Valle de Salinas,Customer
Clinica de Salud del Valle de Salinas,Financial
Clinica de Salud del Valle de Salinas,Health
Clinica de Salud del Valle de Salinas,Location
Clinica de Salud del Valle de Salinas,Media
Clinica de Salud del Valle de Salinas,PII
Clinica de Salud del Valle de Salinas,Private Communications
Texas Retina Associates,Customer
Texas Retina Associates,Financial
Texas Retina Associates,Health
Texas Retina Associates,Location
Texas Retina Associates,PII
Texas Retina Associates,Private Communications
Mountjoy,Customer
Mountjoy,Financial
Mountjoy,Health
Mountjoy,Internal Documents
Mountjoy,Media
Mountjoy,PII
Mountjoy,Private Communications
Mountjoy,Strategic
Mountjoy,Trade Secrets
Central Carolina Insurance Agency Inc.,Customer
Central Carolina Insurance Agency Inc.,Financial
Central Carolina Insurance Agency Inc.,Health
Central Carolina Insurance Agency Inc.,Internal Documents
Central Carolina Insurance Agency Inc.,Media
Central Carolina Insurance Agency Inc.,PII
Central Carolina Insurance Agency Inc.,Private Communications
Central Carolina Insurance Agency Inc.,Strategic
Center for Digestive Health,Customer
Center for Digestive Health,Financial
Center for Digestive Health,Health
Center for Digestive Health,Internal Documents
Center for Digestive Health,PII
Center for Digestive Health,Private Communications
Center for Digestive Health,Strategic
Len Dubois Trucking,Customer
Len Dubois Trucking,Financial
Len Dubois Trucking,Internal Documents
Len Dubois Trucking,Private Communications
Len Dubois Trucking,Strategic
Len Dubois Trucking,Trade Secrets
GMJ & Co Chartered Accountants,Customer
GMJ & Co Chartered Accountants,Financial
GMJ & Co Chartered Accountants,Internal Documents
GMJ & Co Chartered Accountants,Media
GMJ & Co Chartered Accountants,Private Communications
GMJ & Co Chartered Accountants,Source Code
GMJ & Co Chartered Accountants,Strategic
Delta Pipeline,Financial
Delta Pipeline,Media
Delta Pipeline,Private Communications
defi SOLUTIONS.,Customer
defi SOLUTIONS.,Financial
defi SOLUTIONS.,Private Communications
Western Saw Inc.,Customer
Western Saw Inc.,Financial
Western Saw Inc.,Intellectual Property
Western Saw Inc.,Internal Documents
Western Saw Inc.,Media
Western Saw Inc.,PII
Western Saw Inc.,Private Communications
Western Saw Inc.,Strategic
Western Saw Inc.,Trade Secrets
Northern Minerals Limited,Customer
Northern Minerals Limited,Financial
Northern Minerals Limited,Health
Northern Minerals Limited,Intellectual Property
Northern Minerals Limited,Internal Documents
Northern Minerals Limited,PII
Northern Minerals Limited,Private Communications
Northern Minerals Limited,Strategic
Northern Minerals Limited,Trade Secrets
Nutec Group,Customer
Nutec Group,Financial
Nutec Group,Internal Documents
Nutec Group,Private Communications
Nutec Group,Strategic
Nutec Group,Trade Secrets
Pavilion Construction LLC,Customer
Pavilion Construction LLC,Financial
Pavilion Construction LLC,Internal Documents
Pavilion Construction LLC,Media
Pavilion Construction LLC,PII
Pavilion Construction LLC,Private Communications
Pavilion Construction LLC,Strategic
Pavilion Construction LLC,Trade Secrets
Panacea Healthcare Services,Customer
Panacea Healthcare Services,Financial
Panacea Healthcare Services,Health
Panacea Healthcare Services,Internal Documents
Panacea Healthcare Services,Private Communications
Panacea Healthcare Services,Strategic
Affiliated Dermatologists and Dermatologic Surgeons,Customer
Affiliated Dermatologists and Dermatologic Surgeons,Financial
Affiliated Dermatologists and Dermatologic Surgeons,Health
Affiliated Dermatologists and Dermatologic Surgeons,PII
Affiliated Dermatologists and Dermatologic Surgeons,Private Communications
Optometric Physicians of Middle Tennessee,Customer
Optometric Physicians of Middle Tennessee,Financial
Optometric Physicians of Middle Tennessee,Health
Optometric Physicians of Middle Tennessee,Internal Documents
Optometric Physicians of Middle Tennessee,Media
Optometric Physicians of Middle Tennessee,PII
Optometric Physicians of Middle Tennessee,Private Communications
Optometric Physicians of Middle Tennessee,Strategic
Dragon Tax and Management INC,Customer
Dragon Tax and Management INC,Financial
Dragon Tax and Management INC,Health
Dragon Tax and Management INC,Internal Documents
Dragon Tax and Management INC,Media
Dragon Tax and Management INC,PII
Dragon Tax and Management INC,Private Communications
Azteca Tax Systems,Customer
Azteca Tax Systems,Financial
Azteca Tax Systems,Internal Documents
Azteca Tax Systems,Media
Azteca Tax Systems,Private Communications
Azteca Tax Systems,Strategic
Bluebonnet Nutrition,Customer
Bluebonnet Nutrition,Financial
Bluebonnet Nutrition,Private Communications
Romeo Pitaro Injury & Litigation Lawyers,Customer
Romeo Pitaro Injury & Litigation Lawyers,Financial
Romeo Pitaro Injury & Litigation Lawyers,Health
Romeo Pitaro Injury & Litigation Lawyers,Internal Documents
Romeo Pitaro Injury & Litigation Lawyers,Media
Romeo Pitaro Injury & Litigation Lawyers,PII
Romeo Pitaro Injury & Litigation Lawyers,Private Communications
LT Business Dynamics,Financial
LT Business Dynamics,Media
LT Business Dynamics,PII
LT Business Dynamics,Private Communications
Pioneer Oil Company Inc.,Customer
Pioneer Oil Company Inc.,Financial
Pioneer Oil Company Inc.,Internal Documents
Pioneer Oil Company Inc.,PII
Pioneer Oil Company Inc.,Private Communications
Pioneer Oil Company Inc.,Strategic
Pioneer Oil Company Inc.,Trade Secrets
Neurobehavioral Medicine Consultants,Customer
Neurobehavioral Medicine Consultants,Financial
Neurobehavioral Medicine Consultants,Health
Neurobehavioral Medicine Consultants,PII
Neurobehavioral Medicine Consultants,Private Communications
GROWTH by NCRC,Customer
GROWTH by NCRC,Financial
GROWTH by NCRC,Internal Documents
GROWTH by NCRC,PII
GROWTH by NCRC,Private Communications
On Q Financial LLC,Customer
On Q Financial LLC,Financial
On Q Financial LLC,PII
Image Craft,Financial
Image Craft,Intellectual Property
Image Craft,Media
Image Craft,Private Communications
Image Craft,Strategic
Image Craft,Trade Secrets
B&B Electric Inc,Financial
B&B Electric Inc,Internal Documents
B&B Electric Inc,PII
B&B Electric Inc,Private Communications
JE Owens & Company PA.,Customer
JE Owens & Company PA.,Financial
JE Owens & Company PA.,Private Communications
Chambers Construction,Customer
Chambers Construction,Financial
Chambers Construction,Health
Chambers Construction,Internal Documents
Chambers Construction,PII
Chambers Construction,Private Communications
Chambers Construction,Strategic
Chambers Construction,System Configurations
Chambers Construction,Trade Secrets
P&B Capital Group,Customer
P&B Capital Group,Financial
P&B Capital Group,PII
P&B Capital Group,Private Communications
Bira 91,Customer
Bira 91,Financial
Bira 91,Internal Documents
Bira 91,Media
Bira 91,PII
Bira 91,Private Communications
Bira 91,Source Code
Bira 91,Strategic
Bira 91,System Configurations
Bira 91,Trade Secrets
Lieberman LLP,Customer
Lieberman LLP,Financial
Lieberman LLP,Internal Documents
Lieberman LLP,Private Communications
Lieberman LLP,Strategic
Consolidated Benefits Resources,Customer
Consolidated Benefits Resources,Financial
Consolidated Benefits Resources,Health
Consolidated Benefits Resources,Internal Documents
Consolidated Benefits Resources,PII
Consolidated Benefits Resources,Private Communications
Consolidated Benefits Resources,Strategic
Medall Healthcare Pvt Ltd.,Credentials
Medall Healthcare Pvt Ltd.,Customer
Medall Healthcare Pvt Ltd.,Financial
Medall Healthcare Pvt Ltd.,Health
Medall Healthcare Pvt Ltd.,Internal Documents
Medall Healthcare Pvt Ltd.,Media
Medall Healthcare Pvt Ltd.,PII
Medall Healthcare Pvt Ltd.,Private Communications
Medall Healthcare Pvt Ltd.,Source Code
Medall Healthcare Pvt Ltd.,Strategic
Medall Healthcare Pvt Ltd.,System Configurations
Keboda Technology Co. Ltd.,Customer
Keboda Technology Co. Ltd.,Financial
Keboda Technology Co. Ltd.,Health
Keboda Technology Co. Ltd.,Intellectual Property
Keboda Technology Co. Ltd.,Internal Documents
Keboda Technology Co. Ltd.,Media
Keboda Technology Co. Ltd.,PII
Keboda Technology Co. Ltd.,Private Communications
Keboda Technology Co. Ltd.,Source Code
Keboda Technology Co. Ltd.,Strategic
Keboda Technology Co. Ltd.,System Configurations
Keboda Technology Co. Ltd.,Trade Secrets
Martin's Inc.,Customer
Martin's Inc.,Financial
Martin's Inc.,Health
Martin's Inc.,Internal Documents
Martin's Inc.,Media
Martin's Inc.,PII
Martin's Inc.,Private Communications
Martin's Inc.,Strategic
Martin's Inc.,System Configurations
Dr. Leeman ENT,Customer
Dr. Leeman ENT,Financial
Dr. Leeman ENT,Health
Dr. Leeman ENT,Internal Documents
Dr. Leeman ENT,Media
Dr. Leeman ENT,PII
Dr. Leeman ENT,Private Communications
Dr. Leeman ENT,Strategic
Roncelli Plastics,Customer
Roncelli Plastics,Financial
Roncelli Plastics,Internal Documents
Roncelli Plastics,Private Communications
Mayer Antonellis Jachowicz & Haranas LLP,Customer
Mayer Antonellis Jachowicz & Haranas LLP,Financial
Mayer Antonellis Jachowicz & Haranas LLP,Private Communications
Shoma group,Customer
Shoma group,Financial
Shoma group,Internal Documents
Shoma group,Media
Shoma group,PII
Shoma group,Private Communications
Shoma group,Strategic
Shoma group,Trade Secrets
Lindsay Municipal Hospital,Financial
Lindsay Municipal Hospital,Health
Lindsay Municipal Hospital,Location
Lindsay Municipal Hospital,PII
Lindsay Municipal Hospital,Private Communications
Palmer Construction Co. Inc,Customer
Palmer Construction Co. Inc,Financial
Palmer Construction Co. Inc,PII
Palmer Construction Co. Inc,Private Communications
New York Home Healthcare,Customer
New York Home Healthcare,Financial
New York Home Healthcare,Health
New York Home Healthcare,Location
New York Home Healthcare,Private Communications
Hypertension Nephrology Associates P.C.,Customer
Hypertension Nephrology Associates P.C.,Financial
Hypertension Nephrology Associates P.C.,Health
Hypertension Nephrology Associates P.C.,Internal Documents
Hypertension Nephrology Associates P.C.,PII
Hypertension Nephrology Associates P.C.,Private Communications
Hypertension Nephrology Associates P.C.,Strategic
First Professional Services,Customer
First Professional Services,Financial
First Professional Services,Health
First Professional Services,Internal Documents
First Professional Services,Media
First Professional Services,PII
First Professional Services,Private Communications
First Professional Services,Source Code
First Professional Services,Strategic
First Professional Services,System Configurations
First Professional Services,Trade Secrets
Dobrowski Stafford & Pierce,PII
Dobrowski Stafford & Pierce,Private Communications
HRTec Inc,Customer
HRTec Inc,Financial
HRTec Inc,Internal Documents
HRTec Inc,PII
HRTec Inc,Private Communications
HRTec Inc,Strategic
Cole Cole Easley & Sciba,Customer
Cole Cole Easley & Sciba,Financial
Cole Cole Easley & Sciba,Private Communications
Hypertension Nephrology Associates P.C.,Financial
Hypertension Nephrology Associates P.C.,Health
Hypertension Nephrology Associates P.C.,Private Communications
Advantage Orthopedic & Sports Medicine Clinic,Customer
Advantage Orthopedic & Sports Medicine Clinic,Financial
Advantage Orthopedic & Sports Medicine Clinic,Health
Advantage Orthopedic & Sports Medicine Clinic,Internal Documents
Advantage Orthopedic & Sports Medicine Clinic,Media
Advantage Orthopedic & Sports Medicine Clinic,PII
Advantage Orthopedic & Sports Medicine Clinic,Private Communications
TechNet Kronoberg AB,Customer
TechNet Kronoberg AB,Financial
TechNet Kronoberg AB,Internal Documents
TechNet Kronoberg AB,Media
TechNet Kronoberg AB,Private Communications
TechNet Kronoberg AB,Source Code
TechNet Kronoberg AB,Strategic
TechNet Kronoberg AB,System Configurations
TechNet Kronoberg AB,Trade Secrets
J.P. Original,Customer
J.P. Original,Financial
J.P. Original,Health
J.P. Original,Internal Documents
J.P. Original,Media
J.P. Original,PII
J.P. Original,Private Communications
J.P. Original,Strategic
J.P. Original,Trade Secrets
Instron & ITW Inc,Customer
Instron & ITW Inc,Financial
Instron & ITW Inc,Intellectual Property
Instron & ITW Inc,Internal Documents
Instron & ITW Inc,Private Communications
Instron & ITW Inc,Source Code
Instron & ITW Inc,Strategic
Instron & ITW Inc,System Configurations
Instron & ITW Inc,Trade Secrets
NOVA Business Law Group,Customer
NOVA Business Law Group,Financial
NOVA Business Law Group,Intellectual Property
NOVA Business Law Group,Internal Documents
NOVA Business Law Group,Media
NOVA Business Law Group,PII
NOVA Business Law Group,Private Communications
NOVA Business Law Group,Strategic
NOVA Business Law Group,Trade Secrets
Marchassociates,Customer
Marchassociates,Financial
Marchassociates,PII
Marchassociates,Private Communications
The Wiser Financial Group,Customer
The Wiser Financial Group,Financial
The Wiser Financial Group,Internal Documents
The Wiser Financial Group,PII
The Wiser Financial Group,Private Communications
The Wiser Financial Group,Strategic
GRTC Transit System,Customer
GRTC Transit System,Financial
GRTC Transit System,Health
GRTC Transit System,Internal Documents
GRTC Transit System,Media
GRTC Transit System,PII
GRTC Transit System,Private Communications
Law Office of Michael H Joseph,Customer
Law Office of Michael H Joseph,Health
Law Office of Michael H Joseph,Internal Documents
Law Office of Michael H Joseph,PII
Tandem,Customer
Tandem,Financial
Tandem,Health
Tandem,Internal Documents
Tandem,Media
Tandem,Private Communications
Tandem,Source Code
Tandem,Strategic
Tandem,Trade Secrets
Robert D. Clements Jr Law Group LLLP,Customer
Robert D. Clements Jr Law Group LLLP,Financial
Robert D. Clements Jr Law Group LLLP,Internal Documents
Robert D. Clements Jr Law Group LLLP,PII
Robert D. Clements Jr Law Group LLLP,Private Communications
Bay Orthopedic & Rehabilitation Supply,Customer
Bay Orthopedic & Rehabilitation Supply,Financial
Bay Orthopedic & Rehabilitation Supply,Health
Bay Orthopedic & Rehabilitation Supply,PII
Bay Orthopedic & Rehabilitation Supply,Private Communications
MA Engineering,Customer
MA Engineering,Financial
MA Engineering,Health
MA Engineering,Internal Documents
MA Engineering,Media
MA Engineering,PII
MA Engineering,Private Communications
MA Engineering,Strategic
MA Engineering,Trade Secrets
CTSI,Customer
CTSI,Financial
CTSI,Health
CTSI,Internal Documents
CTSI,Media
CTSI,PII
CTSI,Private Communications
CTSI,Strategic
Northeast Spine and Sports Medicine's,Customer
Northeast Spine and Sports Medicine's,Financial
Northeast Spine and Sports Medicine's,Health
Northeast Spine and Sports Medicine's,PII
Northeast Spine and Sports Medicine's,Private Communications
Donear Industries,Customer
Donear Industries,Financial
Donear Industries,Internal Documents
Donear Industries,Media
Donear Industries,Private Communications
Donear Industries,Strategic
Donear Industries,Trade Secrets
Akumin,Customer
Akumin,Financial
Akumin,Health
Akumin,Internal Documents
Akumin,PII
Akumin,Private Communications
Akumin,Source Code
Akumin,System Configurations
Greenbox Loans Inc.,Customer
Greenbox Loans Inc.,Financial
Greenbox Loans Inc.,Health
Greenbox Loans Inc.,Internal Documents
Greenbox Loans Inc.,Location
Greenbox Loans Inc.,Media
Greenbox Loans Inc.,PII
Greenbox Loans Inc.,Private Communications
Commonwealth Capital,Customer
Commonwealth Capital,Financial
Commonwealth Capital,Health
Commonwealth Capital,Intellectual Property
Commonwealth Capital,Internal Documents
Commonwealth Capital,PII
Commonwealth Capital,Private Communications
Commonwealth Capital,Strategic
Commonwealth Capital,Trade Secrets
Chaney Couch Callaway Carter & Associates Family Dentistry.,Customer
Chaney Couch Callaway Carter & Associates Family Dentistry.,Financial
Chaney Couch Callaway Carter & Associates Family Dentistry.,Health
Chaney Couch Callaway Carter & Associates Family Dentistry.,Location
Chaney Couch Callaway Carter & Associates Family Dentistry.,Media
Chaney Couch Callaway Carter & Associates Family Dentistry.,PII
Chaney Couch Callaway Carter & Associates Family Dentistry.,Private Communications
Air Sino-Euro Associates Travel Pte. Ltd,Customer
Air Sino-Euro Associates Travel Pte. Ltd,Financial
Air Sino-Euro Associates Travel Pte. Ltd,Health
Air Sino-Euro Associates Travel Pte. Ltd,Internal Documents
Air Sino-Euro Associates Travel Pte. Ltd,Location
Air Sino-Euro Associates Travel Pte. Ltd,Media
Air Sino-Euro Associates Travel Pte. Ltd,PII
Air Sino-Euro Associates Travel Pte. Ltd,Private Communications
Cislo & Thomas LLP,Customer
Cislo & Thomas LLP,Financial
Cislo & Thomas LLP,Intellectual Property
Cislo & Thomas LLP,Private Communications
Cislo & Thomas LLP,Trade Secrets
NSEIT Limited (a subsidiary of the National Stock Exchange of India),Credentials
NSEIT Limited (a subsidiary of the National Stock Exchange of India),Customer
NSEIT Limited (a subsidiary of the National Stock Exchange of India),Financial
NSEIT Limited (a subsidiary of the National Stock Exchange of India),Health
NSEIT Limited (a subsidiary of the National Stock Exchange of India),Internal Documents
NSEIT Limited (a subsidiary of the National Stock Exchange of India),PII
NSEIT Limited (a subsidiary of the National Stock Exchange of India),Private Communications
NSEIT Limited (a subsidiary of the National Stock Exchange of India),Source Code
NSEIT Limited (a subsidiary of the National Stock Exchange of India),System Configurations
Martinaire Aviation,Financial
Martinaire Aviation,Private Communications
Martinaire Aviation,Strategic
KC Pharmaceuticals,Customer
KC Pharmaceuticals,Financial
KC Pharmaceuticals,Health
KC Pharmaceuticals,Internal Documents
KC Pharmaceuticals,Private Communications
KC Pharmaceuticals,Strategic
North Star Tax And Accounting,Customer
North Star Tax And Accounting,Financial
North Star Tax And Accounting,Internal Documents
North Star Tax And Accounting,Media
North Star Tax And Accounting,Private Communications
Somerset Logistics,Customer
Somerset Logistics,Financial
Somerset Logistics,Private Communications
Republic Shipping Consolidators Inc,Customer
Republic Shipping Consolidators Inc,Financial
Republic Shipping Consolidators Inc,Private Communications
Republic Shipping Consolidators Inc,Strategic
Independent Recovery Resources Inc.,Customer
Independent Recovery Resources Inc.,Financial
Independent Recovery Resources Inc.,PII
Independent Recovery Resources Inc.,Private Communications
